packet,source_ip,port,time
1,10.10.10.2,49153,5.00644
2,10.10.10.2,49153,6.00137
3,10.10.10.2,49153,7.00072
4,10.10.10.2,49153,8.0005
5,10.10.10.2,49153,9.00039
6,10.10.10.2,49153,10.0003
7,10.10.10.2,49153,11.0003
8,10.10.10.2,49153,12.0003
9,10.10.10.2,49153,13.0003
10,10.10.10.2,49153,14.0003
11,10.10.10.2,49153,15.0003
12,10.10.10.2,49153,16.0003
13,10.10.10.2,49153,17.0003
14,10.10.10.2,49153,18.0003
15,10.10.10.2,49153,19.0003
16,10.10.10.2,49153,20.0003
17,10.10.10.2,49153,21.0003
18,10.10.10.2,49153,22.0003
19,10.10.10.2,49153,23.0003
20,10.10.10.2,49153,24.0003
21,10.10.10.2,49153,25.0003
22,10.10.10.2,49153,26.0003
23,10.10.10.2,49153,27.0003
24,10.10.10.2,49153,28.0003
25,10.10.10.2,49153,29.0002
26,10.10.10.2,49153,30.0002
27,10.10.10.2,49153,31.0002
28,10.10.10.2,49153,32.0002
29,10.10.10.2,49153,33.0002
30,10.10.10.2,49153,34.0002
31,10.10.10.2,49153,35.0002
32,10.10.10.2,49153,36.0002
33,10.10.10.2,49153,37.0002
34,10.10.10.2,49153,38.0002
35,10.10.10.2,49153,39.0002
36,10.10.10.2,49153,40.0002
37,10.10.10.2,49153,41.0002
38,10.10.10.2,49153,42.0002
39,10.10.10.2,49153,43.0002
40,10.10.10.2,49153,44.0002
41,10.10.10.2,49153,45.0002
42,10.10.10.2,49153,46.0002
43,10.10.10.2,49153,47.0002
44,10.10.10.2,49153,48.0002
45,10.10.10.2,49153,49.0002
46,10.10.10.2,49153,50.0002
47,10.10.10.2,49153,51.0002
48,10.10.10.2,49153,52.0002
49,10.10.10.2,49153,53.0002
50,10.10.10.2,49153,54.0002
51,10.10.10.2,49153,55.0002
52,10.10.10.2,49153,56.0002
53,10.10.10.2,49153,57.0002
54,10.10.10.2,49153,58.0002
55,10.10.10.2,49153,59.0002
56,10.10.10.2,49153,60.0002
57,10.10.10.2,49153,61.0002
58,10.10.10.2,49153,62.0002
59,10.10.10.2,49153,63.0002
60,10.10.10.2,49153,64.0002
61,10.10.10.2,49153,65.0002
62,10.10.10.2,49153,66.0002
63,10.10.10.2,49153,67.0002
64,10.10.10.2,49153,68.0002
65,10.10.10.2,49153,69.0002
66,10.10.10.2,49153,70.0002
67,10.10.10.2,49153,71.0002
68,10.10.10.2,49153,72.0002
69,10.10.10.2,49153,73.0002
70,10.10.10.2,49153,74.0002
71,10.10.10.2,49153,75.0002
72,10.10.10.2,49153,76.0002
73,10.10.10.2,49153,77.0002
74,10.10.10.2,49153,78.0002
75,10.10.10.2,49153,79.0002
76,10.10.10.2,49153,80.0002
77,10.10.10.2,49153,81.0002
78,10.10.10.2,49153,82.0002
79,10.10.10.2,49153,83.0002
80,10.10.10.2,49153,84.0002
81,10.10.10.2,49153,85.0002
82,10.10.10.2,49153,86.0002
83,10.10.10.2,49153,87.0002
84,10.10.10.2,49153,88.0002
85,10.10.10.2,49153,89.0002
86,10.10.10.2,49153,90.0002
87,10.10.10.2,49153,91.0002
88,10.10.10.2,49153,92.0002
89,10.10.10.2,49153,93.0002
90,10.10.10.2,49153,94.0002
91,10.10.10.2,49153,95.0002
92,10.10.10.2,49153,96.0002
93,10.10.10.2,49153,97.0002
94,10.10.10.2,49153,98.0002
95,10.10.10.2,49153,99.0002
96,10.10.10.2,49153,100
97,10.10.10.2,49153,101
98,10.10.10.2,49153,102
99,10.10.10.2,49153,103
100,10.10.10.2,49153,104
101,10.10.10.2,49153,105
102,10.10.10.2,49153,106
103,10.10.10.2,49153,107
104,10.10.10.2,49153,108
105,10.10.10.2,49153,109
106,10.10.10.2,49153,110
107,10.10.10.2,49153,111
108,10.10.10.2,49153,112
109,10.10.10.2,49153,113
110,10.10.10.2,49153,114
111,10.10.10.2,49153,115
112,10.10.10.2,49153,116
113,10.10.10.2,49153,117
114,10.10.10.2,49153,118
115,10.10.10.2,49153,119
116,10.10.10.2,49153,120
117,10.10.10.2,49153,121
118,10.10.10.2,49153,122
119,10.10.10.2,49153,123
120,10.10.10.2,49153,124
121,10.10.10.2,49153,125
122,10.10.10.2,49153,126.005
123,10.10.10.2,49153,127
124,10.10.10.2,49153,128
125,10.10.10.2,49153,129
126,10.10.10.2,49153,130
127,10.10.10.2,49153,131
128,10.10.10.2,49153,132
129,10.10.10.2,49153,133
130,10.10.10.2,49153,134
131,10.10.10.2,49153,135
132,10.10.10.2,49153,136
133,10.10.10.2,49153,137
134,10.10.10.2,49153,138
135,10.10.10.2,49153,139
136,10.10.10.2,49153,140
137,10.10.10.2,49153,141
138,10.10.10.2,49153,142
139,10.10.10.2,49153,143
140,10.10.10.2,49153,144
141,10.10.10.2,49153,145
142,10.10.10.2,49153,146
143,10.10.10.2,49153,147
144,10.10.10.2,49153,148
145,10.10.10.2,49153,149
146,10.10.10.2,49153,150
147,10.10.10.2,49153,151
148,10.10.10.2,49153,152
149,10.10.10.2,49153,153
150,10.10.10.2,49153,154
151,10.10.10.2,49153,155
152,10.10.10.2,49153,156
153,10.10.10.2,49153,157
154,10.10.10.2,49153,158
155,10.10.10.2,49153,159
156,10.10.10.2,49153,160.001
157,10.10.10.2,49153,161
158,10.10.10.2,49153,162
159,10.10.10.2,49153,163
160,10.10.10.2,49153,164
161,10.10.10.2,49153,165
162,10.10.10.2,49153,166
163,10.10.10.2,49153,167
164,10.10.10.2,49153,168
165,10.10.10.2,49153,169
166,10.10.10.2,49153,170
167,10.10.10.2,49153,171
168,10.10.10.2,49153,172
169,10.10.10.2,49153,173
170,10.10.10.2,49153,174
171,10.10.10.2,49153,175
172,10.10.10.2,49153,176
173,10.10.10.2,49153,177
174,10.10.10.2,49153,178
175,10.10.10.2,49153,179
176,10.10.10.2,49153,180
177,10.10.10.2,49153,181
178,10.10.10.2,49153,182
179,10.10.10.2,49153,183
180,10.10.10.2,49153,184
181,10.10.10.2,49153,185
182,10.10.10.2,49153,186
183,10.10.10.2,49153,187
184,10.10.10.2,49153,188
185,10.10.10.2,49153,189
186,10.10.10.2,49153,190
187,10.10.10.2,49153,191
188,10.10.10.2,49153,192
189,10.10.10.2,49153,193
190,10.10.10.2,49153,194
191,10.10.10.2,49153,195
192,10.10.10.2,49153,196
193,10.10.10.2,49153,197
194,10.10.10.2,49153,198
195,10.10.10.2,49153,199
196,10.10.10.2,49153,200.001
197,10.10.10.2,49153,201
198,10.10.10.2,49153,202
199,10.10.10.2,49153,203
200,10.10.10.2,49153,204
201,10.10.10.2,49153,205
202,10.10.10.2,49153,206
203,10.10.10.2,49153,207
204,10.10.10.2,49153,208
205,10.10.10.2,49153,209
206,10.10.10.2,49153,210
207,10.10.10.2,49153,211
208,10.10.10.2,49153,212
209,10.10.10.2,49153,213
210,10.10.10.2,49153,214
211,10.10.10.2,49153,215
212,10.10.10.2,49153,216
213,10.10.10.2,49153,217.001
214,10.10.10.2,49153,218
215,10.10.10.2,49153,219
216,10.10.10.2,49153,220
217,10.10.10.2,49153,221
218,10.10.10.2,49153,222
219,10.10.10.2,49153,223
220,10.10.10.2,49153,224
221,10.10.10.2,49153,225
222,10.10.10.2,49153,226
223,10.10.10.2,49153,227
224,10.10.10.2,49153,228
225,10.10.10.2,49153,229
226,10.10.10.2,49153,230
227,10.10.10.2,49153,231
228,10.10.10.2,49153,232
229,10.10.10.2,49153,233
230,10.10.10.2,49153,234
231,10.10.10.2,49153,235
232,10.10.10.2,49153,236
233,10.10.10.2,49153,237
234,10.10.10.2,49153,238
235,10.10.10.2,49153,239
236,10.10.10.2,49153,240
237,10.10.10.2,49153,241
238,10.10.10.2,49153,242
239,10.10.10.2,49153,243
240,10.10.10.2,49153,244
241,10.10.10.2,49153,245
242,10.10.10.2,49153,246
243,10.10.10.2,49153,247.009
244,10.10.10.2,49153,248
245,10.10.10.2,49153,249
246,10.10.10.2,49153,250
247,10.10.10.2,49153,251
248,10.10.10.2,49153,252
249,10.10.10.2,49153,253
250,10.10.10.2,49153,254
251,10.10.10.2,49153,255
252,10.10.10.2,49153,256
253,10.10.10.2,49153,257
254,10.10.10.2,49153,258
255,10.10.10.2,49153,259
256,10.10.10.2,49153,260
257,10.10.10.2,49153,261
258,10.10.10.2,49153,262
259,10.10.10.2,49153,263
260,10.10.10.2,49153,264
261,10.10.10.2,49153,265
262,10.10.10.2,49153,266
263,10.10.10.2,49153,267
264,10.10.10.2,49153,268
265,10.10.10.2,49153,269
266,10.10.10.2,49153,270
267,10.10.10.2,49153,271
268,10.10.10.2,49153,272
269,10.10.10.2,49153,273
270,10.10.10.2,49153,274
271,10.10.10.2,49153,275
272,10.10.10.2,49153,276
273,10.10.10.2,49153,277
274,10.10.10.2,49153,278
275,10.10.10.2,49153,279
276,10.10.10.2,49153,280
277,10.10.10.2,49153,281
278,10.10.10.2,49153,282
279,10.10.10.2,49153,283
280,10.10.10.2,49153,284
281,10.10.10.2,49153,285
282,10.10.10.2,49153,286
283,10.10.10.2,49153,287
284,10.10.10.2,49153,288
285,10.10.10.2,49153,289
286,10.10.10.2,49153,290
287,10.10.10.2,49153,291
288,10.10.10.2,49153,292
289,10.10.10.2,49153,293
290,10.10.10.2,49153,294
291,10.10.10.2,49153,295
292,10.10.10.2,49153,296
293,10.10.10.2,49153,297
294,10.10.10.2,49153,298
295,10.10.10.2,49153,299
296,10.10.10.2,49153,300
297,10.10.10.2,49153,301
298,10.10.10.2,49153,302
299,10.10.10.2,49153,303
300,10.10.10.2,49153,304
301,10.10.10.2,49153,305
302,10.10.10.2,49153,306
303,10.10.10.2,49153,307
304,10.10.10.2,49153,308
305,10.10.10.2,49153,309
306,10.10.10.2,49153,310
307,10.10.10.2,49153,311
308,10.10.10.2,49153,312
309,10.10.10.2,49153,313
310,10.10.10.2,49153,314.001
311,10.10.10.2,49153,315
312,10.10.10.2,49153,316
313,10.10.10.2,49153,317
314,10.10.10.2,49153,318
315,10.10.10.2,49153,319
316,10.10.10.2,49153,320
317,10.10.10.2,49153,321
318,10.10.10.2,49153,322
319,10.10.10.2,49153,323
320,10.10.10.2,49153,324
321,10.10.10.2,49153,325
322,10.10.10.2,49153,326
323,10.10.10.2,49153,327
324,10.10.10.2,49153,328
325,10.10.10.2,49153,329
326,10.10.10.2,49153,330
327,10.10.10.2,49153,331
328,10.10.10.2,49153,332
329,10.10.10.2,49153,333
330,10.10.10.2,49153,334
331,10.10.10.2,49153,335
332,10.10.10.2,49153,336
333,10.10.10.2,49153,337
334,10.10.10.2,49153,338
335,10.10.10.2,49153,339
336,10.10.10.2,49153,340
337,10.10.10.2,49153,341
338,10.10.10.2,49153,342
339,10.10.10.2,49153,343
340,10.10.10.2,49153,344
341,10.10.10.2,49153,345
342,10.10.10.2,49153,346
343,10.10.10.2,49153,347
344,10.10.10.2,49153,348
345,10.10.10.2,49153,349
346,10.10.10.2,49153,350
347,10.10.10.2,49153,351
348,10.10.10.2,49153,352
349,10.10.10.2,49153,353
350,10.10.10.2,49153,354
351,10.10.10.2,49153,355
352,10.10.10.2,49153,356
353,10.10.10.2,49153,357
354,10.10.10.2,49153,358
355,10.10.10.2,49153,359
356,10.10.10.2,49153,360
357,10.10.10.2,49153,361
358,10.10.10.2,49153,362
359,10.10.10.2,49153,363
360,10.10.10.2,49153,364
361,10.10.10.2,49153,365
362,10.10.10.2,49153,366
363,10.10.10.2,49153,367
364,10.10.10.2,49153,368.01
365,10.10.10.2,49153,369
366,10.10.10.2,49153,370
367,10.10.10.2,49153,371
368,10.10.10.2,49153,372
369,10.10.10.2,49153,373
370,10.10.10.2,49153,374
371,10.10.10.2,49153,375
372,10.10.10.2,49153,376
373,10.10.10.2,49153,377
374,10.10.10.2,49153,378
375,10.10.10.2,49153,379
376,10.10.10.2,49153,380
377,10.10.10.2,49153,381
378,10.10.10.2,49153,382
379,10.10.10.2,49153,383
380,10.10.10.2,49153,384
381,10.10.10.2,49153,385
382,10.10.10.2,49153,386
383,10.10.10.2,49153,387
384,10.10.10.2,49153,388
385,10.10.10.2,49153,389
386,10.10.10.2,49153,390
387,10.10.10.2,49153,391
388,10.10.10.2,49153,392
389,10.10.10.2,49153,393
390,10.10.10.2,49153,394
391,10.10.10.2,49153,395
392,10.10.10.2,49153,396
393,10.10.10.2,49153,397
394,10.10.10.2,49153,398
395,10.10.10.2,49153,399
396,10.10.10.2,49153,400
397,10.10.10.2,49153,401
398,10.10.10.2,49153,402
399,10.10.10.2,49153,403
400,10.10.10.2,49153,404
401,10.10.10.2,49153,405
402,10.10.10.2,49153,406
403,10.10.10.2,49153,407
404,10.10.10.2,49153,408
405,10.10.10.2,49153,409
406,10.10.10.2,49153,410
407,10.10.10.2,49153,411
408,10.10.10.2,49153,412.001
409,10.10.10.2,49153,413
410,10.10.10.2,49153,414
411,10.10.10.2,49153,415
412,10.10.10.2,49153,416
413,10.10.10.2,49153,417
414,10.10.10.2,49153,418
415,10.10.10.2,49153,419
416,10.10.10.2,49153,420
417,10.10.10.2,49153,421
418,10.10.10.2,49153,422
419,10.10.10.2,49153,423
420,10.10.10.2,49153,424
421,10.10.10.2,49153,425
422,10.10.10.2,49153,426
423,10.10.10.2,49153,427.001
424,10.10.10.2,49153,428
425,10.10.10.2,49153,429
426,10.10.10.2,49153,430
427,10.10.10.2,49153,431
428,10.10.10.2,49153,432
429,10.10.10.2,49153,433
430,10.10.10.2,49153,434
431,10.10.10.2,49153,435
432,10.10.10.2,49153,436
433,10.10.10.2,49153,437
434,10.10.10.2,49153,438
435,10.10.10.2,49153,439
436,10.10.10.2,49153,440
437,10.10.10.2,49153,441
438,10.10.10.2,49153,442
439,10.10.10.2,49153,443
440,10.10.10.2,49153,444
441,10.10.10.2,49153,445
442,10.10.10.2,49153,446
443,10.10.10.2,49153,447
444,10.10.10.2,49153,448
445,10.10.10.2,49153,449.001
446,10.10.10.2,49153,450
447,10.10.10.2,49153,451
448,10.10.10.2,49153,452
449,10.10.10.2,49153,453
450,10.10.10.2,49153,454
451,10.10.10.2,49153,455
452,10.10.10.2,49153,456.001
453,10.10.10.2,49153,457
454,10.10.10.2,49153,458
455,10.10.10.2,49153,459
456,10.10.10.2,49153,460
457,10.10.10.2,49153,461
458,10.10.10.2,49153,462
459,10.10.10.2,49153,463
460,10.10.10.2,49153,464
461,10.10.10.2,49153,465
462,10.10.10.2,49153,466
463,10.10.10.2,49153,467
464,10.10.10.2,49153,468
465,10.10.10.2,49153,469
466,10.10.10.2,49153,470
467,10.10.10.2,49153,471
468,10.10.10.2,49153,472
469,10.10.10.2,49153,473
470,10.10.10.2,49153,474
471,10.10.10.2,49153,475
472,10.10.10.2,49153,476
473,10.10.10.2,49153,477
474,10.10.10.2,49153,478
475,10.10.10.2,49153,479
476,10.10.10.2,49153,480
477,10.10.10.2,49153,481
478,10.10.10.2,49153,482
479,10.10.10.2,49153,483
480,10.10.10.2,49153,484
481,10.10.10.2,49153,485
482,10.10.10.2,49153,486
483,10.10.10.2,49153,487
484,10.10.10.2,49153,488
485,10.10.10.2,49153,489.009
486,10.10.10.2,49153,490
487,10.10.10.2,49153,491
488,10.10.10.2,49153,492
489,10.10.10.2,49153,493
490,10.10.10.2,49153,494
491,10.10.10.2,49153,495
492,10.10.10.2,49153,496
493,10.10.10.2,49153,497
494,10.10.10.2,49153,498
495,10.10.10.2,49153,499
496,10.10.10.2,49153,500
497,10.10.10.2,49153,501
498,10.10.10.2,49153,502
499,10.10.10.2,49153,503
500,10.10.10.2,49153,504
501,10.10.10.2,49153,505
502,10.10.10.2,49153,506.001
503,10.10.10.2,49153,507.001
504,10.10.10.2,49153,508
505,10.10.10.2,49153,509
506,10.10.10.2,49153,510
507,10.10.10.2,49153,511.001
508,10.10.10.2,49153,512
509,10.10.10.2,49153,513
510,10.10.10.2,49153,514
511,10.10.10.2,49153,515
512,10.10.10.2,49153,516
513,10.10.10.2,49153,517
514,10.10.10.2,49153,518
515,10.10.10.2,49153,519
516,10.10.10.2,49153,520
517,10.10.10.2,49153,521
518,10.10.10.2,49153,522
519,10.10.10.2,49153,523
520,10.10.10.2,49153,524
521,10.10.10.2,49153,525
522,10.10.10.2,49153,526
523,10.10.10.2,49153,527
524,10.10.10.2,49153,528
525,10.10.10.2,49153,529
526,10.10.10.2,49153,530
527,10.10.10.2,49153,531
528,10.10.10.2,49153,532
529,10.10.10.2,49153,533
530,10.10.10.2,49153,534
531,10.10.10.2,49153,535
532,10.10.10.2,49153,536
533,10.10.10.2,49153,537
534,10.10.10.2,49153,538
535,10.10.10.2,49153,539
536,10.10.10.2,49153,540
537,10.10.10.2,49153,541
538,10.10.10.2,49153,542
539,10.10.10.2,49153,543
540,10.10.10.2,49153,544
541,10.10.10.2,49153,545
542,10.10.10.2,49153,546
543,10.10.10.2,49153,547
544,10.10.10.2,49153,548
545,10.10.10.2,49153,549
546,10.10.10.2,49153,550
547,10.10.10.2,49153,551
548,10.10.10.2,49153,552
549,10.10.10.2,49153,553
550,10.10.10.2,49153,554
551,10.10.10.2,49153,555
552,10.10.10.2,49153,556
553,10.10.10.2,49153,557
554,10.10.10.2,49153,558
555,10.10.10.2,49153,559
556,10.10.10.2,49153,560
557,10.10.10.2,49153,561
558,10.10.10.2,49153,562
559,10.10.10.2,49153,563
560,10.10.10.2,49153,564
561,10.10.10.2,49153,565
562,10.10.10.2,49153,566
563,10.10.10.2,49153,567
564,10.10.10.2,49153,568
565,10.10.10.2,49153,569
566,10.10.10.2,49153,570
567,10.10.10.2,49153,571
568,10.10.10.2,49153,572
569,10.10.10.2,49153,573
570,10.10.10.2,49153,574
571,10.10.10.2,49153,575
572,10.10.10.2,49153,576
573,10.10.10.2,49153,577
574,10.10.10.2,49153,578
575,10.10.10.2,49153,579
576,10.10.10.2,49153,580
577,10.10.10.2,49153,581
578,10.10.10.2,49153,582
579,10.10.10.2,49153,583
580,10.10.10.2,49153,584
581,10.10.10.2,49153,585
582,10.10.10.2,49153,586
583,10.10.10.2,49153,587
584,10.10.10.2,49153,588
585,10.10.10.2,49153,589
586,10.10.10.2,49153,590
587,10.10.10.2,49153,591
588,10.10.10.2,49153,592
589,10.10.10.2,49153,593
590,10.10.10.2,49153,594
591,10.10.10.2,49153,595
592,10.10.10.2,49153,596
593,10.10.10.2,49153,597
594,10.10.10.2,49153,598
595,10.10.10.2,49153,599
596,10.10.10.2,49153,600
597,10.10.10.2,49153,601
598,10.10.10.2,49153,602
599,10.10.10.2,49153,603
600,10.10.10.2,49153,604
601,10.10.10.2,49153,605
602,10.10.10.2,49153,606
603,10.10.10.2,49153,607
604,10.10.10.2,49153,608
605,10.10.10.2,49153,609
606,10.10.10.2,49153,610.006
607,10.10.10.2,49153,611
608,10.10.10.2,49153,612
609,10.10.10.2,49153,613
610,10.10.10.2,49153,614
611,10.10.10.2,49153,615
612,10.10.10.2,49153,616
613,10.10.10.2,49153,617
614,10.10.10.2,49153,618
615,10.10.10.2,49153,619
616,10.10.10.2,49153,620
617,10.10.10.2,49153,621
618,10.10.10.2,49153,622
619,10.10.10.2,49153,623
620,10.10.10.2,49153,624
621,10.10.10.2,49153,625
622,10.10.10.2,49153,626
623,10.10.10.2,49153,627
624,10.10.10.2,49153,628
625,10.10.10.2,49153,629
626,10.10.10.2,49153,630
627,10.10.10.2,49153,631.001
628,10.10.10.2,49153,632
629,10.10.10.2,49153,633
630,10.10.10.2,49153,634
631,10.10.10.2,49153,635
632,10.10.10.2,49153,636
633,10.10.10.2,49153,637
634,10.10.10.2,49153,638
635,10.10.10.2,49153,639
636,10.10.10.2,49153,640
637,10.10.10.2,49153,641
638,10.10.10.2,49153,642
639,10.10.10.2,49153,643
640,10.10.10.2,49153,644
641,10.10.10.2,49153,645
642,10.10.10.2,49153,646
643,10.10.10.2,49153,647
644,10.10.10.2,49153,648
645,10.10.10.2,49153,649
646,10.10.10.2,49153,650
647,10.10.10.2,49153,651
648,10.10.10.2,49153,652
649,10.10.10.2,49153,653
650,10.10.10.2,49153,654
651,10.10.10.2,49153,655
652,10.10.10.2,49153,656
653,10.10.10.2,49153,657
654,10.10.10.2,49153,658
655,10.10.10.2,49153,659
656,10.10.10.2,49153,660
657,10.10.10.2,49153,661
658,10.10.10.2,49153,662
659,10.10.10.2,49153,663
660,10.10.10.2,49153,664
661,10.10.10.2,49153,665
662,10.10.10.2,49153,666
663,10.10.10.2,49153,667
664,10.10.10.2,49153,668.001
665,10.10.10.2,49153,669
666,10.10.10.2,49153,670
667,10.10.10.2,49153,671
668,10.10.10.2,49153,672
669,10.10.10.2,49153,673
670,10.10.10.2,49153,674
671,10.10.10.2,49153,675
672,10.10.10.2,49153,676
673,10.10.10.2,49153,677
674,10.10.10.2,49153,678
675,10.10.10.2,49153,679
676,10.10.10.2,49153,680
677,10.10.10.2,49153,681
678,10.10.10.2,49153,682
679,10.10.10.2,49153,683
680,10.10.10.2,49153,684
681,10.10.10.2,49153,685
682,10.10.10.2,49153,686
683,10.10.10.2,49153,687
684,10.10.10.2,49153,688
685,10.10.10.2,49153,689
686,10.10.10.2,49153,690
687,10.10.10.2,49153,691
688,10.10.10.2,49153,692
689,10.10.10.2,49153,693
690,10.10.10.2,49153,694
691,10.10.10.2,49153,695
692,10.10.10.2,49153,696
693,10.10.10.2,49153,697
694,10.10.10.2,49153,698
695,10.10.10.2,49153,699
696,10.10.10.2,49153,700
697,10.10.10.2,49153,701
698,10.10.10.2,49153,702
699,10.10.10.2,49153,703
700,10.10.10.2,49153,704
701,10.10.10.2,49153,705
702,10.10.10.2,49153,706
703,10.10.10.2,49153,707
704,10.10.10.2,49153,708
705,10.10.10.2,49153,709
706,10.10.10.2,49153,710
707,10.10.10.2,49153,711
708,10.10.10.2,49153,712.001
709,10.10.10.2,49153,713
710,10.10.10.2,49153,714
711,10.10.10.2,49153,715
712,10.10.10.2,49153,716
713,10.10.10.2,49153,717
714,10.10.10.2,49153,718
715,10.10.10.2,49153,719
716,10.10.10.2,49153,720
717,10.10.10.2,49153,721
718,10.10.10.2,49153,722
719,10.10.10.2,49153,723
720,10.10.10.2,49153,724
721,10.10.10.2,49153,725
722,10.10.10.2,49153,726
723,10.10.10.2,49153,727.001
724,10.10.10.2,49153,728
725,10.10.10.2,49153,729
726,10.10.10.2,49153,730
727,10.10.10.2,49153,731.01
728,10.10.10.2,49153,732
729,10.10.10.2,49153,733
730,10.10.10.2,49153,734
731,10.10.10.2,49153,735
732,10.10.10.2,49153,736
733,10.10.10.2,49153,737
734,10.10.10.2,49153,738
735,10.10.10.2,49153,739
736,10.10.10.2,49153,740
737,10.10.10.2,49153,741.001
738,10.10.10.2,49153,742
739,10.10.10.2,49153,743
740,10.10.10.2,49153,744
741,10.10.10.2,49153,745
742,10.10.10.2,49153,746.001
743,10.10.10.2,49153,747
744,10.10.10.2,49153,748
745,10.10.10.2,49153,749
746,10.10.10.2,49153,750
747,10.10.10.2,49153,751
748,10.10.10.2,49153,752
749,10.10.10.2,49153,753
750,10.10.10.2,49153,754
751,10.10.10.2,49153,755
752,10.10.10.2,49153,756
753,10.10.10.2,49153,757
754,10.10.10.2,49153,758
755,10.10.10.2,49153,759
756,10.10.10.2,49153,760
757,10.10.10.2,49153,761
758,10.10.10.2,49153,762
759,10.10.10.2,49153,763
760,10.10.10.2,49153,764
761,10.10.10.2,49153,765
762,10.10.10.2,49153,766
763,10.10.10.2,49153,767
764,10.10.10.2,49153,768
765,10.10.10.2,49153,769
766,10.10.10.2,49153,770
767,10.10.10.2,49153,771
768,10.10.10.2,49153,772
769,10.10.10.2,49153,773
770,10.10.10.2,49153,774
771,10.10.10.2,49153,775
772,10.10.10.2,49153,776
773,10.10.10.2,49153,777
774,10.10.10.2,49153,778
775,10.10.10.2,49153,779
776,10.10.10.2,49153,780
777,10.10.10.2,49153,781
778,10.10.10.2,49153,782
779,10.10.10.2,49153,783
780,10.10.10.2,49153,784
781,10.10.10.2,49153,785
782,10.10.10.2,49153,786
783,10.10.10.2,49153,787
784,10.10.10.2,49153,788
785,10.10.10.2,49153,789
786,10.10.10.2,49153,790
787,10.10.10.2,49153,791
788,10.10.10.2,49153,792
789,10.10.10.2,49153,793
790,10.10.10.2,49153,794
791,10.10.10.2,49153,795
792,10.10.10.2,49153,796
793,10.10.10.2,49153,797
794,10.10.10.2,49153,798
795,10.10.10.2,49153,799
796,10.10.10.2,49153,800
797,10.10.10.2,49153,801
798,10.10.10.2,49153,802
799,10.10.10.2,49153,803
800,10.10.10.2,49153,804
801,10.10.10.2,49153,805
802,10.10.10.2,49153,806
803,10.10.10.2,49153,807
804,10.10.10.2,49153,808
805,10.10.10.2,49153,809
806,10.10.10.2,49153,810
807,10.10.10.2,49153,811
808,10.10.10.2,49153,812
809,10.10.10.2,49153,813
810,10.10.10.2,49153,814
811,10.10.10.2,49153,815
812,10.10.10.2,49153,816
813,10.10.10.2,49153,817
814,10.10.10.2,49153,818
815,10.10.10.2,49153,819
816,10.10.10.2,49153,820
817,10.10.10.2,49153,821
818,10.10.10.2,49153,822
819,10.10.10.2,49153,823
820,10.10.10.2,49153,824
821,10.10.10.2,49153,825
822,10.10.10.2,49153,826
823,10.10.10.2,49153,827
824,10.10.10.2,49153,828
825,10.10.10.2,49153,829
826,10.10.10.2,49153,830
827,10.10.10.2,49153,831
828,10.10.10.2,49153,832
829,10.10.10.2,49153,833
830,10.10.10.2,49153,834
831,10.10.10.2,49153,835
832,10.10.10.2,49153,836
833,10.10.10.2,49153,837
834,10.10.10.2,49153,838
835,10.10.10.2,49153,839
836,10.10.10.2,49153,840
837,10.10.10.2,49153,841
838,10.10.10.2,49153,842
839,10.10.10.2,49153,843
840,10.10.10.2,49153,844
841,10.10.10.2,49153,845
842,10.10.10.2,49153,846
843,10.10.10.2,49153,847
844,10.10.10.2,49153,848
845,10.10.10.2,49153,849
846,10.10.10.2,49153,850
847,10.10.10.2,49153,851
848,10.10.10.2,49153,852.009
849,10.10.10.2,49153,853
850,10.10.10.2,49153,854
851,10.10.10.2,49153,855
852,10.10.10.2,49153,856
853,10.10.10.2,49153,857
854,10.10.10.2,49153,858.001
855,10.10.10.2,49153,859
856,10.10.10.2,49153,860
857,10.10.10.2,49153,861
858,10.10.10.2,49153,862
859,10.10.10.2,49153,863
860,10.10.10.2,49153,864
861,10.10.10.2,49153,865
862,10.10.10.2,49153,866
863,10.10.10.2,49153,867
864,10.10.10.2,49153,868
865,10.10.10.2,49153,869
866,10.10.10.2,49153,870
867,10.10.10.2,49153,871
868,10.10.10.2,49153,872
869,10.10.10.2,49153,873
870,10.10.10.2,49153,874
871,10.10.10.2,49153,875
872,10.10.10.2,49153,876
873,10.10.10.2,49153,877
874,10.10.10.2,49153,878
875,10.10.10.2,49153,879
876,10.10.10.2,49153,880
877,10.10.10.2,49153,881
878,10.10.10.2,49153,882
879,10.10.10.2,49153,883
880,10.10.10.2,49153,884
881,10.10.10.2,49153,885
882,10.10.10.2,49153,886
883,10.10.10.2,49153,887
884,10.10.10.2,49153,888
885,10.10.10.2,49153,889
886,10.10.10.2,49153,890
887,10.10.10.2,49153,891
888,10.10.10.2,49153,892
889,10.10.10.2,49153,893.001
890,10.10.10.2,49153,894
891,10.10.10.2,49153,895
892,10.10.10.2,49153,896
893,10.10.10.2,49153,897
894,10.10.10.2,49153,898
895,10.10.10.2,49153,899
896,10.10.10.2,49153,900
897,10.10.10.2,49153,901
898,10.10.10.2,49153,902
899,10.10.10.2,49153,903
900,10.10.10.2,49153,904
901,10.10.10.2,49153,905
902,10.10.10.2,49153,906
903,10.10.10.2,49153,907
904,10.10.10.2,49153,908
905,10.10.10.2,49153,909
906,10.10.10.2,49153,910
907,10.10.10.2,49153,911
908,10.10.10.2,49153,912
909,10.10.10.2,49153,913
910,10.10.10.2,49153,914
911,10.10.10.2,49153,915
912,10.10.10.2,49153,916
913,10.10.10.2,49153,917
914,10.10.10.2,49153,918
915,10.10.10.2,49153,919
916,10.10.10.2,49153,920
917,10.10.10.2,49153,921
918,10.10.10.2,49153,922
919,10.10.10.2,49153,923
920,10.10.10.2,49153,924
921,10.10.10.2,49153,925
922,10.10.10.2,49153,926
923,10.10.10.2,49153,927
924,10.10.10.2,49153,928
925,10.10.10.2,49153,929.001
926,10.10.10.2,49153,930
927,10.10.10.2,49153,931
928,10.10.10.2,49153,932
929,10.10.10.2,49153,933
930,10.10.10.2,49153,934
931,10.10.10.2,49153,935.001
932,10.10.10.2,49153,936
933,10.10.10.2,49153,937
934,10.10.10.2,49153,938
935,10.10.10.2,49153,939
936,10.10.10.2,49153,940
937,10.10.10.2,49153,941
938,10.10.10.2,49153,942
939,10.10.10.2,49153,943
940,10.10.10.2,49153,944
941,10.10.10.2,49153,945.001
942,10.10.10.2,49153,946
943,10.10.10.2,49153,947
944,10.10.10.2,49153,948
945,10.10.10.2,49153,949
946,10.10.10.2,49153,950
947,10.10.10.2,49153,951
948,10.10.10.2,49153,952
949,10.10.10.2,49153,953
950,10.10.10.2,49153,954
951,10.10.10.2,49153,955
952,10.10.10.2,49153,956
953,10.10.10.2,49153,957
954,10.10.10.2,49153,958
955,10.10.10.2,49153,959
956,10.10.10.2,49153,960
957,10.10.10.2,49153,961
958,10.10.10.2,49153,962
959,10.10.10.2,49153,963
960,10.10.10.2,49153,964
961,10.10.10.2,49153,965
962,10.10.10.2,49153,966
963,10.10.10.2,49153,967
964,10.10.10.2,49153,968
965,10.10.10.2,49153,969
966,10.10.10.2,49153,970
967,10.10.10.2,49153,971
968,10.10.10.2,49153,972
969,10.10.10.2,49153,973.001
970,10.10.10.2,49153,974
971,10.10.10.2,49153,975
972,10.10.10.2,49153,976
973,10.10.10.2,49153,977
974,10.10.10.2,49153,978
975,10.10.10.2,49153,979
976,10.10.10.2,49153,980
977,10.10.10.2,49153,981
978,10.10.10.2,49153,982
979,10.10.10.2,49153,983
980,10.10.10.2,49153,984
981,10.10.10.2,49153,985
982,10.10.10.2,49153,986
983,10.10.10.2,49153,987
984,10.10.10.2,49153,988
985,10.10.10.2,49153,989
986,10.10.10.2,49153,990
987,10.10.10.2,49153,991
988,10.10.10.2,49153,992
989,10.10.10.2,49153,993
990,10.10.10.2,49153,994
991,10.10.10.2,49153,995
992,10.10.10.2,49153,996
993,10.10.10.2,49153,997
994,10.10.10.2,49153,998
995,10.10.10.2,49153,999
996,10.10.10.2,49153,1000
997,10.10.10.2,49153,1001
998,10.10.10.2,49153,1002
999,10.10.10.2,49153,1003
1000,10.10.10.2,49153,1004
1001,10.10.10.2,49153,1005
1002,10.10.10.2,49153,1006
1003,10.10.10.2,49153,1007
1004,10.10.10.2,49153,1008
1005,10.10.10.2,49153,1009
1006,10.10.10.2,49153,1010
1007,10.10.10.2,49153,1011
1008,10.10.10.2,49153,1012
1009,10.10.10.2,49153,1013
1010,10.10.10.2,49153,1014
1011,10.10.10.2,49153,1015
1012,10.10.10.2,49153,1016
1013,10.10.10.2,49153,1017
1014,10.10.10.2,49153,1018
1015,10.10.10.2,49153,1019
1016,10.10.10.2,49153,1020
1017,10.10.10.2,49153,1021
1018,10.10.10.2,49153,1022
1019,10.10.10.2,49153,1023
1020,10.10.10.2,49153,1024
1021,10.10.10.2,49153,1025
1022,10.10.10.2,49153,1026
1023,10.10.10.2,49153,1027
1024,10.10.10.2,49153,1028
1025,10.10.10.2,49153,1029
1026,10.10.10.2,49153,1030
1027,10.10.10.2,49153,1031
1028,10.10.10.2,49153,1032
1029,10.10.10.2,49153,1033
1030,10.10.10.2,49153,1034
1031,10.10.10.2,49153,1035
1032,10.10.10.2,49153,1036
1033,10.10.10.2,49153,1037
1034,10.10.10.2,49153,1038
1035,10.10.10.2,49153,1039
1036,10.10.10.2,49153,1040
1037,10.10.10.2,49153,1041
1038,10.10.10.2,49153,1042
1039,10.10.10.2,49153,1043
1040,10.10.10.2,49153,1044
1041,10.10.10.2,49153,1045
1042,10.10.10.2,49153,1046
1043,10.10.10.2,49153,1047
1044,10.10.10.2,49153,1048
1045,10.10.10.2,49153,1049
1046,10.10.10.2,49153,1050
1047,10.10.10.2,49153,1051
1048,10.10.10.2,49153,1052
1049,10.10.10.2,49153,1053
1050,10.10.10.2,49153,1054
1051,10.10.10.2,49153,1055
1052,10.10.10.2,49153,1056
1053,10.10.10.2,49153,1057
1054,10.10.10.2,49153,1058
1055,10.10.10.2,49153,1059
1056,10.10.10.2,49153,1060
1057,10.10.10.2,49153,1061
1058,10.10.10.2,49153,1062
1059,10.10.10.2,49153,1063
1060,10.10.10.2,49153,1064
1061,10.10.10.2,49153,1065
1062,10.10.10.2,49153,1066
1063,10.10.10.2,49153,1067
1064,10.10.10.2,49153,1068
1065,10.10.10.2,49153,1069
1066,10.10.10.2,49153,1070
1067,10.10.10.2,49153,1071
1068,10.10.10.2,49153,1072
1069,10.10.10.2,49153,1073
1070,10.10.10.2,49153,1074
1071,10.10.10.2,49153,1075
1072,10.10.10.2,49153,1076
1073,10.10.10.2,49153,1077
1074,10.10.10.2,49153,1078
1075,10.10.10.2,49153,1079
1076,10.10.10.2,49153,1080
1077,10.10.10.2,49153,1081
1078,10.10.10.2,49153,1082
1079,10.10.10.2,49153,1083
1080,10.10.10.2,49153,1084
1081,10.10.10.2,49153,1085
1082,10.10.10.2,49153,1086
1083,10.10.10.2,49153,1087
1084,10.10.10.2,49153,1088
1085,10.10.10.2,49153,1089
1086,10.10.10.2,49153,1090
1087,10.10.10.2,49153,1091
1088,10.10.10.2,49153,1092
1089,10.10.10.2,49153,1093
1090,10.10.10.2,49153,1094.01
1091,10.10.10.2,49153,1095
1092,10.10.10.2,49153,1096
1093,10.10.10.2,49153,1097
1094,10.10.10.2,49153,1098
1095,10.10.10.2,49153,1099
1096,10.10.10.2,49153,1100
1097,10.10.10.2,49153,1101
1098,10.10.10.2,49153,1102
1099,10.10.10.2,49153,1103
1100,10.10.10.2,49153,1104
1101,10.10.10.2,49153,1105
1102,10.10.10.2,49153,1106
1103,10.10.10.2,49153,1107
1104,10.10.10.2,49153,1108
1105,10.10.10.2,49153,1109
1106,10.10.10.2,49153,1110
1107,10.10.10.2,49153,1111
1108,10.10.10.2,49153,1112
1109,10.10.10.2,49153,1113
1110,10.10.10.2,49153,1114
1111,10.10.10.2,49153,1115
1112,10.10.10.2,49153,1116
1113,10.10.10.2,49153,1117
1114,10.10.10.2,49153,1118
1115,10.10.10.2,49153,1119
1116,10.10.10.2,49153,1120
1117,10.10.10.2,49153,1121
1118,10.10.10.2,49153,1122
1119,10.10.10.2,49153,1123
1120,10.10.10.2,49153,1124
1121,10.10.10.2,49153,1125
1122,10.10.10.2,49153,1126
1123,10.10.10.2,49153,1127
1124,10.10.10.2,49153,1128
1125,10.10.10.2,49153,1129
1126,10.10.10.2,49153,1130
1127,10.10.10.2,49153,1131
1128,10.10.10.2,49153,1132
1129,10.10.10.2,49153,1133
1130,10.10.10.2,49153,1134
1131,10.10.10.2,49153,1135
1132,10.10.10.2,49153,1136
1133,10.10.10.2,49153,1137
1134,10.10.10.2,49153,1138
1135,10.10.10.2,49153,1139
1136,10.10.10.2,49153,1140
1137,10.10.10.2,49153,1141
1138,10.10.10.2,49153,1142
1139,10.10.10.2,49153,1143
1140,10.10.10.2,49153,1144
1141,10.10.10.2,49153,1145
1142,10.10.10.2,49153,1146
1143,10.10.10.2,49153,1147
1144,10.10.10.2,49153,1148
1145,10.10.10.2,49153,1149
1146,10.10.10.2,49153,1150
1147,10.10.10.2,49153,1151
1148,10.10.10.2,49153,1152
1149,10.10.10.2,49153,1153
1150,10.10.10.2,49153,1154
1151,10.10.10.2,49153,1155
1152,10.10.10.2,49153,1156
1153,10.10.10.2,49153,1157
1154,10.10.10.2,49153,1158
1155,10.10.10.2,49153,1159
1156,10.10.10.2,49153,1160
1157,10.10.10.2,49153,1161
1158,10.10.10.2,49153,1162
1159,10.10.10.2,49153,1163
1160,10.10.10.2,49153,1164
1161,10.10.10.2,49153,1165
1162,10.10.10.2,49153,1166
1163,10.10.10.2,49153,1167
1164,10.10.10.2,49153,1168
1165,10.10.10.2,49153,1169
1166,10.10.10.2,49153,1170
1167,10.10.10.2,49153,1171
1168,10.10.10.2,49153,1172
1169,10.10.10.2,49153,1173
1170,10.10.10.2,49153,1174
1171,10.10.10.2,49153,1175
1172,10.10.10.2,49153,1176
1173,10.10.10.2,49153,1177
1174,10.10.10.2,49153,1178
1175,10.10.10.2,49153,1179
1176,10.10.10.2,49153,1180
1177,10.10.10.2,49153,1181
1178,10.10.10.2,49153,1182
1179,10.10.10.2,49153,1183
1180,10.10.10.2,49153,1184
1181,10.10.10.2,49153,1185
1182,10.10.10.2,49153,1186
1183,10.10.10.2,49153,1187
1184,10.10.10.2,49153,1188
1185,10.10.10.2,49153,1189
1186,10.10.10.2,49153,1190
1187,10.10.10.2,49153,1191
1188,10.10.10.2,49153,1192
1189,10.10.10.2,49153,1193
1190,10.10.10.2,49153,1194
1191,10.10.10.2,49153,1195
1192,10.10.10.2,49153,1196
1193,10.10.10.2,49153,1197
1194,10.10.10.2,49153,1198
1195,10.10.10.2,49153,1199
1196,10.10.10.2,49153,1200
1197,10.10.10.2,49153,1201
1198,10.10.10.2,49153,1202
1199,10.10.10.2,49153,1203
1200,10.10.10.2,49153,1204
1201,10.10.10.2,49153,1205
1202,10.10.10.2,49153,1206
1203,10.10.10.2,49153,1207
1204,10.10.10.2,49153,1208
1205,10.10.10.2,49153,1209
1206,10.10.10.2,49153,1210
1207,10.10.10.2,49153,1211
1208,10.10.10.2,49153,1212
1209,10.10.10.2,49153,1213
1210,10.10.10.2,49153,1214
1211,10.10.10.2,49153,1215
1212,10.10.10.2,49153,1216
1213,10.10.10.2,49153,1217
1214,10.10.10.2,49153,1218
1215,10.10.10.2,49153,1219
1216,10.10.10.2,49153,1220
1217,10.10.10.2,49153,1221
1218,10.10.10.2,49153,1222
1219,10.10.10.2,49153,1223
1220,10.10.10.2,49153,1224
1221,10.10.10.2,49153,1225
1222,10.10.10.2,49153,1226
1223,10.10.10.2,49153,1227
1224,10.10.10.2,49153,1228
1225,10.10.10.2,49153,1229
1226,10.10.10.2,49153,1230
1227,10.10.10.2,49153,1231
1228,10.10.10.2,49153,1232
1229,10.10.10.2,49153,1233
1230,10.10.10.2,49153,1234
1231,10.10.10.2,49153,1235
1232,10.10.10.2,49153,1236
1233,10.10.10.2,49153,1237
1234,10.10.10.2,49153,1238
1235,10.10.10.2,49153,1239
1236,10.10.10.2,49153,1240
1237,10.10.10.2,49153,1241
1238,10.10.10.2,49153,1242
1239,10.10.10.2,49153,1243
1240,10.10.10.2,49153,1244
1241,10.10.10.2,49153,1245
1242,10.10.10.2,49153,1246
1243,10.10.10.2,49153,1247
1244,10.10.10.2,49153,1248
1245,10.10.10.2,49153,1249
1246,10.10.10.2,49153,1250
1247,10.10.10.2,49153,1251
1248,10.10.10.2,49153,1252
1249,10.10.10.2,49153,1253
1250,10.10.10.2,49153,1254
1251,10.10.10.2,49153,1255
1252,10.10.10.2,49153,1256
1253,10.10.10.2,49153,1257
1254,10.10.10.2,49153,1258
1255,10.10.10.2,49153,1259
1256,10.10.10.2,49153,1260
1257,10.10.10.2,49153,1261
1258,10.10.10.2,49153,1262
1259,10.10.10.2,49153,1263
1260,10.10.10.2,49153,1264
1261,10.10.10.2,49153,1265
1262,10.10.10.2,49153,1266
1263,10.10.10.2,49153,1267
1264,10.10.10.2,49153,1268
1265,10.10.10.2,49153,1269
1266,10.10.10.2,49153,1270
1267,10.10.10.2,49153,1271
1268,10.10.10.2,49153,1272
1269,10.10.10.2,49153,1273
1270,10.10.10.2,49153,1274
1271,10.10.10.2,49153,1275
1272,10.10.10.2,49153,1276
1273,10.10.10.2,49153,1277
1274,10.10.10.2,49153,1278
1275,10.10.10.2,49153,1279
1276,10.10.10.2,49153,1280
1277,10.10.10.2,49153,1281
1278,10.10.10.2,49153,1282
1279,10.10.10.2,49153,1283
1280,10.10.10.2,49153,1284
1281,10.10.10.2,49153,1285
1282,10.10.10.2,49153,1286
1283,10.10.10.2,49153,1287
1284,10.10.10.2,49153,1288
1285,10.10.10.2,49153,1289
1286,10.10.10.2,49153,1290
1287,10.10.10.2,49153,1291
1288,10.10.10.2,49153,1292
1289,10.10.10.2,49153,1293
1290,10.10.10.2,49153,1294
1291,10.10.10.2,49153,1295
1292,10.10.10.2,49153,1296
1293,10.10.10.2,49153,1297
1294,10.10.10.2,49153,1298
1295,10.10.10.2,49153,1299
1296,10.10.10.2,49153,1300
1297,10.10.10.2,49153,1301
1298,10.10.10.2,49153,1302
1299,10.10.10.2,49153,1303
1300,10.10.10.2,49153,1304
1301,10.10.10.2,49153,1305
1302,10.10.10.2,49153,1306
1303,10.10.10.2,49153,1307
1304,10.10.10.2,49153,1308
1305,10.10.10.2,49153,1309
1306,10.10.10.2,49153,1310
1307,10.10.10.2,49153,1311
1308,10.10.10.2,49153,1312
1309,10.10.10.2,49153,1313
1310,10.10.10.2,49153,1314
1311,10.10.10.2,49153,1315
1312,10.10.10.2,49153,1316
1313,10.10.10.2,49153,1317
1314,10.10.10.2,49153,1318
1315,10.10.10.2,49153,1319
1316,10.10.10.2,49153,1320
1317,10.10.10.2,49153,1321
1318,10.10.10.2,49153,1322
1319,10.10.10.2,49153,1323
1320,10.10.10.2,49153,1324
1321,10.10.10.2,49153,1325
1322,10.10.10.2,49153,1326
1323,10.10.10.2,49153,1327
1324,10.10.10.2,49153,1328
1325,10.10.10.2,49153,1329
1326,10.10.10.2,49153,1330
1327,10.10.10.2,49153,1331
1328,10.10.10.2,49153,1332
1329,10.10.10.2,49153,1333
1330,10.10.10.2,49153,1334
1331,10.10.10.2,49153,1335
1332,10.10.10.2,49153,1336
1333,10.10.10.2,49153,1337
1334,10.10.10.2,49153,1338
1335,10.10.10.2,49153,1339
1336,10.10.10.2,49153,1340
1337,10.10.10.2,49153,1341
1338,10.10.10.2,49153,1342
1339,10.10.10.2,49153,1343
1340,10.10.10.2,49153,1344
1341,10.10.10.2,49153,1345
1342,10.10.10.2,49153,1346
1343,10.10.10.2,49153,1347
1344,10.10.10.2,49153,1348
1345,10.10.10.2,49153,1349
1346,10.10.10.2,49153,1350
1347,10.10.10.2,49153,1351
1348,10.10.10.2,49153,1352
1349,10.10.10.2,49153,1353
1350,10.10.10.2,49153,1354
1351,10.10.10.2,49153,1355
1352,10.10.10.2,49153,1356
1353,10.10.10.2,49153,1357
1354,10.10.10.2,49153,1358
1355,10.10.10.2,49153,1359
1356,10.10.10.2,49153,1360
1357,10.10.10.2,49153,1361
1358,10.10.10.2,49153,1362
1359,10.10.10.2,49153,1363
1360,10.10.10.2,49153,1364
1361,10.10.10.2,49153,1365
1362,10.10.10.2,49153,1366
1363,10.10.10.2,49153,1367
1364,10.10.10.2,49153,1368
1365,10.10.10.2,49153,1369
1366,10.10.10.2,49153,1370
1367,10.10.10.2,49153,1371
1368,10.10.10.2,49153,1372
1369,10.10.10.2,49153,1373
1370,10.10.10.2,49153,1374
1371,10.10.10.2,49153,1375
1372,10.10.10.2,49153,1376
1373,10.10.10.2,49153,1377
1374,10.10.10.2,49153,1378
1375,10.10.10.2,49153,1379
1376,10.10.10.2,49153,1380
1377,10.10.10.2,49153,1381
1378,10.10.10.2,49153,1382
1379,10.10.10.2,49153,1383
1380,10.10.10.2,49153,1384
1381,10.10.10.2,49153,1385
1382,10.10.10.2,49153,1386
1383,10.10.10.2,49153,1387
1384,10.10.10.2,49153,1388
1385,10.10.10.2,49153,1389
1386,10.10.10.2,49153,1390
1387,10.10.10.2,49153,1391
1388,10.10.10.2,49153,1392
1389,10.10.10.2,49153,1393
1390,10.10.10.2,49153,1394
1391,10.10.10.2,49153,1395
1392,10.10.10.2,49153,1396
1393,10.10.10.2,49153,1397
1394,10.10.10.2,49153,1398
1395,10.10.10.2,49153,1399
1396,10.10.10.2,49153,1400
1397,10.10.10.2,49153,1401
1398,10.10.10.2,49153,1402
1399,10.10.10.2,49153,1403
1400,10.10.10.2,49153,1404
1401,10.10.10.2,49153,1405
1402,10.10.10.2,49153,1406
1403,10.10.10.2,49153,1407
1404,10.10.10.2,49153,1408
1405,10.10.10.2,49153,1409
1406,10.10.10.2,49153,1410
1407,10.10.10.2,49153,1411
1408,10.10.10.2,49153,1412
1409,10.10.10.2,49153,1413
1410,10.10.10.2,49153,1414
1411,10.10.10.2,49153,1415
1412,10.10.10.2,49153,1416
1413,10.10.10.2,49153,1417
1414,10.10.10.2,49153,1418
1415,10.10.10.2,49153,1419
1416,10.10.10.2,49153,1420
1417,10.10.10.2,49153,1421
1418,10.10.10.2,49153,1422
1419,10.10.10.2,49153,1423
1420,10.10.10.2,49153,1424
1421,10.10.10.2,49153,1425
1422,10.10.10.2,49153,1426
1423,10.10.10.2,49153,1427
1424,10.10.10.2,49153,1428
1425,10.10.10.2,49153,1429
1426,10.10.10.2,49153,1430
1427,10.10.10.2,49153,1431
1428,10.10.10.2,49153,1432
1429,10.10.10.2,49153,1433
1430,10.10.10.2,49153,1434
1431,10.10.10.2,49153,1435
1432,10.10.10.2,49153,1436
1433,10.10.10.2,49153,1437
1434,10.10.10.2,49153,1438
1435,10.10.10.2,49153,1439
1436,10.10.10.2,49153,1440
1437,10.10.10.2,49153,1441
1438,10.10.10.2,49153,1442
1439,10.10.10.2,49153,1443
1440,10.10.10.2,49153,1444
1441,10.10.10.2,49153,1445
1442,10.10.10.2,49153,1446
1443,10.10.10.2,49153,1447
1444,10.10.10.2,49153,1448
1445,10.10.10.2,49153,1449
1446,10.10.10.2,49153,1450
1447,10.10.10.2,49153,1451
1448,10.10.10.2,49153,1452
1449,10.10.10.2,49153,1453
1450,10.10.10.2,49153,1454
1451,10.10.10.2,49153,1455
1452,10.10.10.2,49153,1456
1453,10.10.10.2,49153,1457
1454,10.10.10.2,49153,1458
1455,10.10.10.2,49153,1459
1456,10.10.10.2,49153,1460
1457,10.10.10.2,49153,1461
1458,10.10.10.2,49153,1462
1459,10.10.10.2,49153,1463
1460,10.10.10.2,49153,1464
1461,10.10.10.2,49153,1465
1462,10.10.10.2,49153,1466
1463,10.10.10.2,49153,1467
1464,10.10.10.2,49153,1468
1465,10.10.10.2,49153,1469
1466,10.10.10.2,49153,1470
1467,10.10.10.2,49153,1471
1468,10.10.10.2,49153,1472
1469,10.10.10.2,49153,1473
1470,10.10.10.2,49153,1474
1471,10.10.10.2,49153,1475
1472,10.10.10.2,49153,1476
1473,10.10.10.2,49153,1477
1474,10.10.10.2,49153,1478
1475,10.10.10.2,49153,1479
1476,10.10.10.2,49153,1480
1477,10.10.10.2,49153,1481
1478,10.10.10.2,49153,1482
1479,10.10.10.2,49153,1483
1480,10.10.10.2,49153,1484
1481,10.10.10.2,49153,1485
1482,10.10.10.2,49153,1486
1483,10.10.10.2,49153,1487
1484,10.10.10.2,49153,1488
1485,10.10.10.2,49153,1489
1486,10.10.10.2,49153,1490
1487,10.10.10.2,49153,1491
1488,10.10.10.2,49153,1492
1489,10.10.10.2,49153,1493
1490,10.10.10.2,49153,1494
1491,10.10.10.2,49153,1495
1492,10.10.10.2,49153,1496
1493,10.10.10.2,49153,1497
1494,10.10.10.2,49153,1498
1495,10.10.10.2,49153,1499
1496,10.10.10.2,49153,1500
1497,10.10.10.2,49153,1501
1498,10.10.10.2,49153,1502
1499,10.10.10.2,49153,1503
1500,10.10.10.2,49153,1504
1501,10.10.10.2,49153,1505
1502,10.10.10.2,49153,1506
1503,10.10.10.2,49153,1507
1504,10.10.10.2,49153,1508
1505,10.10.10.2,49153,1509
1506,10.10.10.2,49153,1510
1507,10.10.10.2,49153,1511
1508,10.10.10.2,49153,1512
1509,10.10.10.2,49153,1513
1510,10.10.10.2,49153,1514
1511,10.10.10.2,49153,1515
1512,10.10.10.2,49153,1516
1513,10.10.10.2,49153,1517
1514,10.10.10.2,49153,1518
1515,10.10.10.2,49153,1519
1516,10.10.10.2,49153,1520
1517,10.10.10.2,49153,1521
1518,10.10.10.2,49153,1522
1519,10.10.10.2,49153,1523
1520,10.10.10.2,49153,1524
1521,10.10.10.2,49153,1525
1522,10.10.10.2,49153,1526
1523,10.10.10.2,49153,1527
1524,10.10.10.2,49153,1528
1525,10.10.10.2,49153,1529
1526,10.10.10.2,49153,1530
1527,10.10.10.2,49153,1531
1528,10.10.10.2,49153,1532
1529,10.10.10.2,49153,1533
1530,10.10.10.2,49153,1534
1531,10.10.10.2,49153,1535
1532,10.10.10.2,49153,1536
1533,10.10.10.2,49153,1537
1534,10.10.10.2,49153,1538
1535,10.10.10.2,49153,1539
1536,10.10.10.2,49153,1540
1537,10.10.10.2,49153,1541
1538,10.10.10.2,49153,1542
1539,10.10.10.2,49153,1543
1540,10.10.10.2,49153,1544
1541,10.10.10.2,49153,1545
1542,10.10.10.2,49153,1546
1543,10.10.10.2,49153,1547
1544,10.10.10.2,49153,1548
1545,10.10.10.2,49153,1549
1546,10.10.10.2,49153,1550
1547,10.10.10.2,49153,1551
1548,10.10.10.2,49153,1552
1549,10.10.10.2,49153,1553
1550,10.10.10.2,49153,1554
1551,10.10.10.2,49153,1555
1552,10.10.10.2,49153,1556
1553,10.10.10.2,49153,1557
1554,10.10.10.2,49153,1558
1555,10.10.10.2,49153,1559
1556,10.10.10.2,49153,1560
1557,10.10.10.2,49153,1561
1558,10.10.10.2,49153,1562
1559,10.10.10.2,49153,1563
1560,10.10.10.2,49153,1564
1561,10.10.10.2,49153,1565
1562,10.10.10.2,49153,1566
1563,10.10.10.2,49153,1567
1564,10.10.10.2,49153,1568
1565,10.10.10.2,49153,1569
1566,10.10.10.2,49153,1570
1567,10.10.10.2,49153,1571
1568,10.10.10.2,49153,1572
1569,10.10.10.2,49153,1573
1570,10.10.10.2,49153,1574
1571,10.10.10.2,49153,1575
1572,10.10.10.2,49153,1576
1573,10.10.10.2,49153,1577
1574,10.10.10.2,49153,1578.01
1575,10.10.10.2,49153,1579
1576,10.10.10.2,49153,1580
1577,10.10.10.2,49153,1581
1578,10.10.10.2,49153,1582
1579,10.10.10.2,49153,1583
1580,10.10.10.2,49153,1584
1581,10.10.10.2,49153,1585
1582,10.10.10.2,49153,1586
1583,10.10.10.2,49153,1587
1584,10.10.10.2,49153,1588
1585,10.10.10.2,49153,1589
1586,10.10.10.2,49153,1590
1587,10.10.10.2,49153,1591
1588,10.10.10.2,49153,1592
1589,10.10.10.2,49153,1593
1590,10.10.10.2,49153,1594
1591,10.10.10.2,49153,1595
1592,10.10.10.2,49153,1596
1593,10.10.10.2,49153,1597
1594,10.10.10.2,49153,1598
1595,10.10.10.2,49153,1599
1596,10.10.10.2,49153,1600
1597,10.10.10.2,49153,1601
1598,10.10.10.2,49153,1602
1599,10.10.10.2,49153,1603
1600,10.10.10.2,49153,1604
1601,10.10.10.2,49153,1605
1602,10.10.10.2,49153,1606
1603,10.10.10.2,49153,1607
1604,10.10.10.2,49153,1608
1605,10.10.10.2,49153,1609
1606,10.10.10.2,49153,1610
1607,10.10.10.2,49153,1611
1608,10.10.10.2,49153,1612
1609,10.10.10.2,49153,1613
1610,10.10.10.2,49153,1614
1611,10.10.10.2,49153,1615
1612,10.10.10.2,49153,1616
1613,10.10.10.2,49153,1617
1614,10.10.10.2,49153,1618
1615,10.10.10.2,49153,1619
1616,10.10.10.2,49153,1620
1617,10.10.10.2,49153,1621
1618,10.10.10.2,49153,1622
1619,10.10.10.2,49153,1623
1620,10.10.10.2,49153,1624
1621,10.10.10.2,49153,1625
1622,10.10.10.2,49153,1626
1623,10.10.10.2,49153,1627
1624,10.10.10.2,49153,1628
1625,10.10.10.2,49153,1629
1626,10.10.10.2,49153,1630
1627,10.10.10.2,49153,1631
1628,10.10.10.2,49153,1632
1629,10.10.10.2,49153,1633
1630,10.10.10.2,49153,1634
1631,10.10.10.2,49153,1635
1632,10.10.10.2,49153,1636
1633,10.10.10.2,49153,1637
1634,10.10.10.2,49153,1638
1635,10.10.10.2,49153,1639
1636,10.10.10.2,49153,1640
1637,10.10.10.2,49153,1641
1638,10.10.10.2,49153,1642
1639,10.10.10.2,49153,1643
1640,10.10.10.2,49153,1644
1641,10.10.10.2,49153,1645
1642,10.10.10.2,49153,1646
1643,10.10.10.2,49153,1647
1644,10.10.10.2,49153,1648
1645,10.10.10.2,49153,1649
1646,10.10.10.2,49153,1650
1647,10.10.10.2,49153,1651
1648,10.10.10.2,49153,1652
1649,10.10.10.2,49153,1653
1650,10.10.10.2,49153,1654
1651,10.10.10.2,49153,1655
1652,10.10.10.2,49153,1656
1653,10.10.10.2,49153,1657
1654,10.10.10.2,49153,1658
1655,10.10.10.2,49153,1659
1656,10.10.10.2,49153,1660
1657,10.10.10.2,49153,1661
1658,10.10.10.2,49153,1662
1659,10.10.10.2,49153,1663
1660,10.10.10.2,49153,1664
1661,10.10.10.2,49153,1665
1662,10.10.10.2,49153,1666
1663,10.10.10.2,49153,1667
1664,10.10.10.2,49153,1668
1665,10.10.10.2,49153,1669
1666,10.10.10.2,49153,1670
1667,10.10.10.2,49153,1671
1668,10.10.10.2,49153,1672
1669,10.10.10.2,49153,1673
1670,10.10.10.2,49153,1674
1671,10.10.10.2,49153,1675
1672,10.10.10.2,49153,1676
1673,10.10.10.2,49153,1677
1674,10.10.10.2,49153,1678
1675,10.10.10.2,49153,1679
1676,10.10.10.2,49153,1680
1677,10.10.10.2,49153,1681
1678,10.10.10.2,49153,1682
1679,10.10.10.2,49153,1683
1680,10.10.10.2,49153,1684
1681,10.10.10.2,49153,1685
1682,10.10.10.2,49153,1686
1683,10.10.10.2,49153,1687
1684,10.10.10.2,49153,1688
1685,10.10.10.2,49153,1689
1686,10.10.10.2,49153,1690
1687,10.10.10.2,49153,1691
1688,10.10.10.2,49153,1692
1689,10.10.10.2,49153,1693
1690,10.10.10.2,49153,1694
1691,10.10.10.2,49153,1695
1692,10.10.10.2,49153,1696
1693,10.10.10.2,49153,1697
1694,10.10.10.2,49153,1698
1695,10.10.10.2,49153,1699
1696,10.10.10.2,49153,1700
1697,10.10.10.2,49153,1701
1698,10.10.10.2,49153,1702
1699,10.10.10.2,49153,1703
1700,10.10.10.2,49153,1704
1701,10.10.10.2,49153,1705
1702,10.10.10.2,49153,1706
1703,10.10.10.2,49153,1707
1704,10.10.10.2,49153,1708
1705,10.10.10.2,49153,1709
1706,10.10.10.2,49153,1710
1707,10.10.10.2,49153,1711
1708,10.10.10.2,49153,1712
1709,10.10.10.2,49153,1713
1710,10.10.10.2,49153,1714
1711,10.10.10.2,49153,1715
1712,10.10.10.2,49153,1716
1713,10.10.10.2,49153,1717
1714,10.10.10.2,49153,1718
1715,10.10.10.2,49153,1719
1716,10.10.10.2,49153,1720
1717,10.10.10.2,49153,1721
1718,10.10.10.2,49153,1722
1719,10.10.10.2,49153,1723
1720,10.10.10.2,49153,1724
1721,10.10.10.2,49153,1725
1722,10.10.10.2,49153,1726
1723,10.10.10.2,49153,1727
1724,10.10.10.2,49153,1728
1725,10.10.10.2,49153,1729
1726,10.10.10.2,49153,1730
1727,10.10.10.2,49153,1731
1728,10.10.10.2,49153,1732
1729,10.10.10.2,49153,1733
1730,10.10.10.2,49153,1734
1731,10.10.10.2,49153,1735
1732,10.10.10.2,49153,1736
1733,10.10.10.2,49153,1737
1734,10.10.10.2,49153,1738
1735,10.10.10.2,49153,1739
1736,10.10.10.2,49153,1740
1737,10.10.10.2,49153,1741
1738,10.10.10.2,49153,1742
1739,10.10.10.2,49153,1743
1740,10.10.10.2,49153,1744
1741,10.10.10.2,49153,1745
1742,10.10.10.2,49153,1746
1743,10.10.10.2,49153,1747
1744,10.10.10.2,49153,1748
1745,10.10.10.2,49153,1749
1746,10.10.10.2,49153,1750
1747,10.10.10.2,49153,1751
1748,10.10.10.2,49153,1752
1749,10.10.10.2,49153,1753
1750,10.10.10.2,49153,1754
1751,10.10.10.2,49153,1755
1752,10.10.10.2,49153,1756
1753,10.10.10.2,49153,1757
1754,10.10.10.2,49153,1758
1755,10.10.10.2,49153,1759
1756,10.10.10.2,49153,1760
1757,10.10.10.2,49153,1761
1758,10.10.10.2,49153,1762
1759,10.10.10.2,49153,1763
1760,10.10.10.2,49153,1764
1761,10.10.10.2,49153,1765
1762,10.10.10.2,49153,1766
1763,10.10.10.2,49153,1767
1764,10.10.10.2,49153,1768
1765,10.10.10.2,49153,1769
1766,10.10.10.2,49153,1770
1767,10.10.10.2,49153,1771
1768,10.10.10.2,49153,1772
1769,10.10.10.2,49153,1773
1770,10.10.10.2,49153,1774
1771,10.10.10.2,49153,1775
1772,10.10.10.2,49153,1776
1773,10.10.10.2,49153,1777
1774,10.10.10.2,49153,1778
1775,10.10.10.2,49153,1779
1776,10.10.10.2,49153,1780
1777,10.10.10.2,49153,1781
1778,10.10.10.2,49153,1782
1779,10.10.10.2,49153,1783
1780,10.10.10.2,49153,1784
1781,10.10.10.2,49153,1785
1782,10.10.10.2,49153,1786
1783,10.10.10.2,49153,1787
1784,10.10.10.2,49153,1788
1785,10.10.10.2,49153,1789
1786,10.10.10.2,49153,1790
1787,10.10.10.2,49153,1791
1788,10.10.10.2,49153,1792
1789,10.10.10.2,49153,1793
1790,10.10.10.2,49153,1794
1791,10.10.10.2,49153,1795
1792,10.10.10.2,49153,1796
1793,10.10.10.2,49153,1797
1794,10.10.10.2,49153,1798
1795,10.10.10.2,49153,1799
1796,10.10.10.2,49153,1800
1797,10.10.10.2,49153,1801
1798,10.10.10.2,49153,1802
1799,10.10.10.2,49153,1803
1800,10.10.10.2,49153,1804
1801,10.10.10.2,49153,1805
1802,10.10.10.2,49153,1806
1803,10.10.10.2,49153,1807
1804,10.10.10.2,49153,1808
1805,10.10.10.2,49153,1809
1806,10.10.10.2,49153,1810
1807,10.10.10.2,49153,1811
1808,10.10.10.2,49153,1812
1809,10.10.10.2,49153,1813
1810,10.10.10.2,49153,1814
1811,10.10.10.2,49153,1815
1812,10.10.10.2,49153,1816
1813,10.10.10.2,49153,1817
1814,10.10.10.2,49153,1818
1815,10.10.10.2,49153,1819
1816,10.10.10.2,49153,1820.01
1817,10.10.10.2,49153,1821
1818,10.10.10.2,49153,1822
1819,10.10.10.2,49153,1823
1820,10.10.10.2,49153,1824
1821,10.10.10.2,49153,1825
1822,10.10.10.2,49153,1826
1823,10.10.10.2,49153,1827
1824,10.10.10.2,49153,1828
1825,10.10.10.2,49153,1829
1826,10.10.10.2,49153,1830
1827,10.10.10.2,49153,1831
1828,10.10.10.2,49153,1832
1829,10.10.10.2,49153,1833
1830,10.10.10.2,49153,1834
1831,10.10.10.2,49153,1835
1832,10.10.10.2,49153,1836
1833,10.10.10.2,49153,1837
1834,10.10.10.2,49153,1838
1835,10.10.10.2,49153,1839
1836,10.10.10.2,49153,1840
1837,10.10.10.2,49153,1841
1838,10.10.10.2,49153,1842
1839,10.10.10.2,49153,1843
1840,10.10.10.2,49153,1844
1841,10.10.10.2,49153,1845
1842,10.10.10.2,49153,1846
1843,10.10.10.2,49153,1847
1844,10.10.10.2,49153,1848
1845,10.10.10.2,49153,1849
1846,10.10.10.2,49153,1850
1847,10.10.10.2,49153,1851
1848,10.10.10.2,49153,1852
1849,10.10.10.2,49153,1853
1850,10.10.10.2,49153,1854
1851,10.10.10.2,49153,1855
1852,10.10.10.2,49153,1856
1853,10.10.10.2,49153,1857
1854,10.10.10.2,49153,1858
1855,10.10.10.2,49153,1859
1856,10.10.10.2,49153,1860
1857,10.10.10.2,49153,1861
1858,10.10.10.2,49153,1862
1859,10.10.10.2,49153,1863
1860,10.10.10.2,49153,1864
1861,10.10.10.2,49153,1865
1862,10.10.10.2,49153,1866
1863,10.10.10.2,49153,1867
1864,10.10.10.2,49153,1868
1865,10.10.10.2,49153,1869
1866,10.10.10.2,49153,1870
1867,10.10.10.2,49153,1871
1868,10.10.10.2,49153,1872
1869,10.10.10.2,49153,1873
1870,10.10.10.2,49153,1874
1871,10.10.10.2,49153,1875
1872,10.10.10.2,49153,1876
1873,10.10.10.2,49153,1877
1874,10.10.10.2,49153,1878
1875,10.10.10.2,49153,1879
1876,10.10.10.2,49153,1880
1877,10.10.10.2,49153,1881
1878,10.10.10.2,49153,1882
1879,10.10.10.2,49153,1883
1880,10.10.10.2,49153,1884
1881,10.10.10.2,49153,1885
1882,10.10.10.2,49153,1886
1883,10.10.10.2,49153,1887
1884,10.10.10.2,49153,1888
1885,10.10.10.2,49153,1889
1886,10.10.10.2,49153,1890
1887,10.10.10.2,49153,1891
1888,10.10.10.2,49153,1892
1889,10.10.10.2,49153,1893
1890,10.10.10.2,49153,1894
1891,10.10.10.2,49153,1895
1892,10.10.10.2,49153,1896
1893,10.10.10.2,49153,1897
1894,10.10.10.2,49153,1898
1895,10.10.10.2,49153,1899
1896,10.10.10.2,49153,1900
1897,10.10.10.2,49153,1901
1898,10.10.10.2,49153,1902
1899,10.10.10.2,49153,1903
1900,10.10.10.2,49153,1904
1901,10.10.10.2,49153,1905
1902,10.10.10.2,49153,1906
1903,10.10.10.2,49153,1907
1904,10.10.10.2,49153,1908
1905,10.10.10.2,49153,1909
1906,10.10.10.2,49153,1910
1907,10.10.10.2,49153,1911
1908,10.10.10.2,49153,1912
1909,10.10.10.2,49153,1913
1910,10.10.10.2,49153,1914
1911,10.10.10.2,49153,1915
1912,10.10.10.2,49153,1916
1913,10.10.10.2,49153,1917
1914,10.10.10.2,49153,1918
1915,10.10.10.2,49153,1919
1916,10.10.10.2,49153,1920
1917,10.10.10.2,49153,1921
1918,10.10.10.2,49153,1922
1919,10.10.10.2,49153,1923
1920,10.10.10.2,49153,1924
1921,10.10.10.2,49153,1925
1922,10.10.10.2,49153,1926
1923,10.10.10.2,49153,1927
1924,10.10.10.2,49153,1928
1925,10.10.10.2,49153,1929
1926,10.10.10.2,49153,1930
1927,10.10.10.2,49153,1931
1928,10.10.10.2,49153,1932
1929,10.10.10.2,49153,1933
1930,10.10.10.2,49153,1934
1931,10.10.10.2,49153,1935
1932,10.10.10.2,49153,1936
1933,10.10.10.2,49153,1937
1934,10.10.10.2,49153,1938
1935,10.10.10.2,49153,1939
1936,10.10.10.2,49153,1940
1937,10.10.10.2,49153,1941.01
1938,10.10.10.2,49153,1942
1939,10.10.10.2,49153,1943
1940,10.10.10.2,49153,1944
1941,10.10.10.2,49153,1945
1942,10.10.10.2,49153,1946
1943,10.10.10.2,49153,1947
1944,10.10.10.2,49153,1948
1945,10.10.10.2,49153,1949
1946,10.10.10.2,49153,1950
1947,10.10.10.2,49153,1951
1948,10.10.10.2,49153,1952
1949,10.10.10.2,49153,1953
1950,10.10.10.2,49153,1954
1951,10.10.10.2,49153,1955
1952,10.10.10.2,49153,1956
1953,10.10.10.2,49153,1957
1954,10.10.10.2,49153,1958
1955,10.10.10.2,49153,1959
1956,10.10.10.2,49153,1960
1957,10.10.10.2,49153,1961
1958,10.10.10.2,49153,1962
1959,10.10.10.2,49153,1963
1960,10.10.10.2,49153,1964
1961,10.10.10.2,49153,1965
1962,10.10.10.2,49153,1966
1963,10.10.10.2,49153,1967
1964,10.10.10.2,49153,1968
1965,10.10.10.2,49153,1969
1966,10.10.10.2,49153,1970
1967,10.10.10.2,49153,1971
1968,10.10.10.2,49153,1972
1969,10.10.10.2,49153,1973
1970,10.10.10.2,49153,1974
1971,10.10.10.2,49153,1975
1972,10.10.10.2,49153,1976
1973,10.10.10.2,49153,1977
1974,10.10.10.2,49153,1978
1975,10.10.10.2,49153,1979
1976,10.10.10.2,49153,1980
1977,10.10.10.2,49153,1981
1978,10.10.10.2,49153,1982
1979,10.10.10.2,49153,1983
1980,10.10.10.2,49153,1984
1981,10.10.10.2,49153,1985
1982,10.10.10.2,49153,1986
1983,10.10.10.2,49153,1987
1984,10.10.10.2,49153,1988
1985,10.10.10.2,49153,1989
1986,10.10.10.2,49153,1990
1987,10.10.10.2,49153,1991
1988,10.10.10.2,49153,1992
1989,10.10.10.2,49153,1993
1990,10.10.10.2,49153,1994
1991,10.10.10.2,49153,1995
1992,10.10.10.2,49153,1996
1993,10.10.10.2,49153,1997
1994,10.10.10.2,49153,1998
1995,10.10.10.2,49153,1999
1996,10.10.10.2,49153,2000
1997,10.10.10.2,49153,2001
1998,10.10.10.2,49153,2002
1999,10.10.10.2,49153,2003
2000,10.10.10.2,49153,2004
